,Country Name,,RTG_MDY_OUTLOOK,RTG_MDY_OUTLOOK_DT,RTG_SP_OUTLOOK,"RTG_SP_OUTLOOK_DT
","RTG_MDY_FC_CURR_ISSUER_RATING
",RTG_MDY_FC_CURR_ISSUER_RTG_DT,RTG_MDY_FC_CURR_ISSUER_SCORE,"RTG_SP_LT_FC_ISSUER_CREDIT
","RTG_SP_LT_FC_ISS_CRED_RTG_DT
",RTG_SP_FC_CURR_ISSUER_SCORE
,Abu Dhabi,3/20/2025,STABLE,5/25/2017,STABLE,7/2/2007,Aa2,5/14/2016,3,AA,7/2/2007,3
,Albania,3/21/2025,STABLE,10/18/2024,STABLE,3/21/2025,Ba3,10/18/2024,13,BB,3/21/2025,12
,Algeria,,,,,,,,100,,,100
,Andorra,5/9/2025,STABLE,1/19/2024,STABLE,5/9/2025,Baa1,1/19/2024,8,A-,5/10/2024,7
,Angola,11/29/2024,STABLE,11/29/2024,STABLE,2/4/2022,B3,9/13/2021,16,B-,2/4/2022,16
,Argentina,7/17/2025,STABLE,7/17/2025,,,Caa1,7/17/2025,17,CCC,3/15/2024,18
,Armenia,6/26/2025,STABLE,6/22/2023,STABLE,8/25/2023,Ba3,8/27/2019,13,BB-,8/25/2023,13
,Aruba,3/24/2025,STABLE,5/24/2024,STABLE,3/24/2025,Baa3,5/24/2024,10,BBB+,3/24/2025,8
,Australia,9/3/2025,STABLE,11/13/2003,STABLE,6/6/2021,Aaa,10/20/2002,1,AAA,2/25/2011,1
,Austria,8/22/2025,NEG,8/22/2025,STABLE,2/14/2025,Aa1,6/24/2016,2,AA+,1/13/2012,2
,Azerbaijan,7/4/2025,POS,7/4/2025,STABLE,1/22/2021,Baa3,7/4/2025,10,BB+,1/29/2016,11
,Bahamas,9/26/2025,POS,4/7/2025,STABLE,9/26/2025,B1,10/6/2022,14,BB-,9/26/2025,13
,Bahrain,4/23/2025,STABLE,5/13/2024,NEG,4/23/2025,B2,8/2/2018,15,B+,12/1/2017,14
,Bailiwick Of Guernsey,,,,,,,,100,,,100
,Bangladesh,11/18/2024,NEG,11/18/2024,STABLE,7/30/2024,B2,11/18/2024,15,B+,7/30/2024,14
,Barbados,10/24/2025,STABLE,4/14/2025,STABLE,10/24/2025,B2,4/14/2025,15,B+,10/24/2025,14
,Belarus,10/6/2023,STABLE,6/2/2023,,,C,6/2/2023,22,NR,9/8/2023,31
,Belgium,10/2/2025,NEG,10/11/2024,NEG,4/25/2025,Aa3,12/16/2011,4,AA,1/13/2012,3
,Belize,10/15/2024,STABLE,10/15/2024,STABLE,11/9/2021,Caa1,10/15/2024,17,B-,11/9/2021,16
,Benin,2/27/2025,POS,2/27/2025,POS,10/18/2024,B1,3/9/2021,14,BB-,4/19/2024,13
,Bermuda,6/26/2025,STABLE,6/3/2016,STABLE,4/16/2020,A2,6/3/2016,6,A+,4/28/2015,5
,Bolivia,6/25/2025,STABLE,4/17/2025,NEG,6/25/2025,Ca,4/17/2025,20,CCC-,6/25/2025,19
,Bosnia & Herzegovina,8/2/2024,STABLE,7/10/2012,STABLE,8/4/2023,B3,7/10/2012,16,B+,8/4/2023,14
,Botswana,10/17/2025,NEG,10/17/2025,NEG,9/12/2025,Baa1,10/17/2025,8,BBB,9/12/2025,9
,Brazil,5/30/2025,STABLE,5/30/2025,STABLE,12/19/2023,Ba1,10/1/2024,11,BB,12/19/2023,12
,Brunei,,,,,,,,100,,,100
,Bulgaria,7/10/2025,STABLE,10/9/2020,STABLE,7/10/2025,Baa1,10/9/2020,8,BBB+,7/10/2025,8
,Burkina Faso,5/13/2022,,,STABLE,5/13/2022,,,100,CCC+,5/13/2022,17
,Burundi,,,,,,,,100,,,100
,Cambodia,4/28/2025,NEG,4/28/2025,,,B2,5/21/2007,15,NR,9/29/2014,31
,Cameroon,8/22/2025,STABLE,7/27/2023,STABLE,3/22/2024,Caa1,7/27/2023,17,B-,3/22/2024,16
,Canada,7/25/2025,STABLE,5/24/2006,STABLE,5/18/2007,Aaa,5/3/2002,1,AAA,7/29/2002,1
,Cape Verde,8/8/2025,,,POS,8/8/2025,,,100,B,8/16/2024,15
,Cayman Islands,6/24/2025,STABLE,7/17/2017,,,Aa3,12/16/1997,4,,,100
,Chile,7/31/2025,STABLE,9/15/2022,STABLE,10/15/2024,A2,9/15/2022,6,A,3/24/2021,6
,China,5/30/2025,NEG,12/5/2023,STABLE,9/21/2017,A1,5/24/2017,5,A+,9/21/2017,5
,Colombia,9/5/2025,STABLE,6/26/2025,NEG,6/26/2025,Baa3,6/26/2025,10,BB,6/26/2025,12
,Cook Islands,7/24/2025,,,POS,7/24/2025,,,100,B+,12/14/2011,14
,Costa Rica,10/22/2025,STABLE,9/24/2025,STABLE,10/22/2025,Ba2,9/24/2025,12,BB,10/22/2025,12
,Croatia,4/25/2025,STABLE,11/8/2024,POS,9/13/2024,A3,11/8/2024,7,A-,9/13/2024,7
,Cuba,12/7/2023,,,,,WR,12/7/2023,30,,,100
,Curacao,2/22/2022,,,STABLE,2/22/2022,,,100,BBB-,10/14/2020,10
,Cyprus,9/19/2025,STABLE,11/22/2024,STABLE,12/13/2024,A3,11/22/2024,7,A-,12/13/2024,7
,Czech Republic,10/3/2025,STABLE,11/24/2023,STABLE,8/24/2011,Aa3,10/4/2019,4,AA-,8/24/2011,4
,Dem.Rep. Congo,4/29/2025,STABLE,11/11/2022,STABLE,1/28/2022,B3,11/11/2022,16,B-,1/28/2022,16
,Denmark,1/27/2025,STABLE,5/24/2006,STABLE,9/26/2007,Aaa,8/23/1999,1,AAA,2/27/2001,1
,Dominican Republic,8/1/2025,STABLE,8/1/2025,STABLE,12/19/2022,Ba2,8/1/2025,12,BB,12/19/2022,12
,Dubai,,,,,,,,100,,,100
,Ecuador,8/20/2025,STABLE,2/26/2021,STABLE,8/20/2025,Caa3,4/3/2020,19,B-,9/1/2020,16
,Egypt,10/10/2025,POS,3/7/2024,STABLE,10/10/2025,Caa1,10/5/2023,17,B,10/10/2025,15
,El Salvador,1/7/2025,STABLE,11/26/2024,STABLE,11/7/2023,B3,11/26/2024,16,B-,11/7/2023,16
,Estonia,1/17/2025,STABLE,1/17/2025,,,A1,4/23/2009,5,NR,12/31/2024,31
,Fiji,9/30/2024,STABLE,10/7/2022,STABLE,9/22/2021,B1,4/20/2021,14,B+,9/22/2021,14
,Finland,7/25/2025,STABLE,6/3/2016,STABLE,12/31/2024,Aa1,6/3/2016,2,AA+,12/31/2024,2
,France,10/24/2025,NEG,10/24/2025,STABLE,10/17/2025,Aa3,12/14/2024,4,A+,10/17/2025,5
,Gabon,1/24/2025,STABLE,6/14/2024,,,Caa2,6/14/2024,18,NR,4/1/2016,31
,Gambia,7/6/2007,,,,,,,100,,,100
,Georgia,3/24/2025,NEG,3/24/2025,STABLE,2/25/2022,Ba2,9/11/2017,12,BB,10/11/2019,12
,Germany,10/16/2025,STABLE,2/28/2014,STABLE,1/13/2012,Aaa,2/9/1986,1,AAA,1/13/2012,1
,Ghana,10/10/2025,STABLE,10/10/2025,STABLE,5/9/2025,Caa1,10/10/2025,17,CCC+,5/9/2025,17
,Gibraltar,7/23/2003,,,,,,,100,,,100
,Greece,10/6/2025,STABLE,3/14/2025,STABLE,4/18/2025,Baa3,3/14/2025,10,BBB,4/18/2025,9
,Grenada,10/31/2014,,,,,,,100,NR,10/31/2014,31
,Guatemala,10/14/2025,STABLE,6/15/2022,STABLE,5/23/2025,Ba1,6/1/2010,11,BB+,5/23/2025,11
,Honduras,7/18/2025,STABLE,9/22/2017,NEG,9/20/2024,B1,9/22/2017,14,BB-,7/18/2017,13
,Hong Kong,6/6/2025,STABLE,5/27/2025,STABLE,9/21/2017,Aa3,1/20/2020,4,AA+,9/21/2017,2
,Hungary,6/6/2025,NEG,11/29/2024,NEG,4/11/2025,Baa2,9/24/2021,9,BBB-,1/27/2023,10
,Iceland,8/8/2025,STABLE,9/20/2024,STABLE,11/10/2023,A1,9/20/2024,5,A+,11/10/2023,5
,India,9/29/2025,STABLE,10/5/2021,STABLE,8/14/2025,Baa3,6/1/2020,10,BBB,8/14/2025,9
,Indonesia,10/24/2025,STABLE,4/13/2018,STABLE,4/27/2022,Baa2,4/13/2018,9,BBB,5/31/2019,9
,Iran,4/24/2008,,,,,,,100,,,100
,Iraq,11/24/2023,STABLE,8/3/2017,STABLE,9/3/2015,Caa1,8/3/2017,17,B-,9/3/2015,16
,Ireland,8/15/2025,POS,8/16/2024,POS,11/15/2024,Aa3,4/21/2023,4,AA,5/19/2023,3
,Isle Of Man,10/27/2023,STABLE,10/27/2023,,,Aa3,10/23/2020,4,NR,2/21/2014,31
,Israel,7/7/2025,NEG,9/27/2024,NEG,10/1/2024,Baa1,9/27/2024,8,A,10/1/2024,6
,Italy,10/17/2025,POS,5/23/2025,STABLE,4/11/2025,Baa3,10/19/2018,10,BBB+,4/11/2025,8
,Jamaica,9/25/2025,POS,10/18/2023,POS,9/25/2025,B1,10/18/2023,14,BB,9/25/2025,12
,Japan,10/27/2025,STABLE,12/1/2014,STABLE,6/9/2020,A1,12/1/2014,5,A+,9/16/2015,5
,Jersey,12/7/2020,,,STABLE,1/17/2020,,,100,AA-,7/8/2016,4
,Jordan,9/6/2024,STABLE,5/9/2024,STABLE,9/6/2024,Ba3,5/9/2024,13,BB-,9/6/2024,13
,Kazakhstan,8/22/2025,STABLE,9/9/2024,POS,8/22/2025,Baa1,9/9/2024,8,BBB-,2/17/2016,10
,Kenya,8/22/2025,POS,1/24/2025,STABLE,8/22/2025,Caa1,7/8/2024,17,B,8/22/2025,15
,Kuwait,5/16/2024,STABLE,5/16/2024,STABLE,7/15/2022,A1,9/22/2020,5,A+,7/16/2021,5
,Latvia,3/31/2025,STABLE,2/13/2015,STABLE,5/31/2024,A3,2/13/2015,7,A,5/31/2024,6
,Lebanon,8/15/2025,STABLE,12/13/2023,STABLE,8/15/2025,C,7/27/2020,22,SD,3/11/2020,99
,Lesotho,7/22/2022,,,,,,,100,,,100
,Libya,4/13/2011,,,,,,,100,NR,3/10/2011,31
,Liechtenstein,12/7/2020,,,STABLE,2/26/2016,,,100,AAA,2/26/2016,1
,Lithuania,5/31/2024,STABLE,2/12/2021,STABLE,5/31/2024,A2,2/12/2021,6,A,5/31/2024,6
,Luxembourg,10/3/2025,STABLE,10/3/2025,STABLE,1/14/2013,Aaa,9/20/1989,1,AAA,1/13/2012,1
,Macau,5/27/2025,NEG,12/6/2023,,,Aa3,5/25/2016,4,,,100
,Macedonia,4/14/2023,,,STABLE,5/24/2013,,,100,BB-,5/24/2013,13
,Malawi,8/25/2009,,,,,,,100,,,100
,Malaysia,8/8/2025,STABLE,1/11/2016,STABLE,6/27/2022,A3,12/16/2004,7,A-,10/8/2003,7
,Mali,6/11/2024,STABLE,9/9/2022,,,Caa2,6/3/2022,18,NR,7/3/2008,31
,Malta,11/22/2024,STABLE,11/18/2022,STABLE,3/13/2020,A2,7/19/2019,6,A-,10/14/2016,7
,Mauritania,,,,,,,,100,,,100
,Mauritius,1/30/2025,NEG,1/30/2025,STABLE,7/21/2023,Baa3,7/28/2022,10,BBB-,7/21/2023,10
,Mexico,7/18/2025,NEG,11/14/2024,STABLE,7/6/2022,Baa2,7/8/2022,9,BBB,3/26/2020,9
,Moldova,,,,,,,,100,,,100
,Monaco,7/29/1999,,,,,,,100,,,100
,Mongolia,10/30/2025,STABLE,10/16/2025,STABLE,10/30/2025,B1,10/16/2025,14,BB-,10/30/2025,13
,Montenegro,,,,,,,,100,,,100
,Montserrat,9/2/2011,,,STABLE,9/2/2011,,,100,BBB-,10/11/2004,10
,Morocco,9/26/2025,STABLE,7/1/2022,STABLE,9/26/2025,Ba1,7/22/1999,11,BBB-,9/26/2025,10
,Mozambique,5/23/2025,STABLE,3/28/2025,,,Caa2,9/20/2019,18,CCC+,11/22/2019,17
,Namibia,9/23/2025,POS,4/5/2024,,,B1,4/5/2022,14,,,100
,Nepal,11/21/2024,,,,,,,100,,,100
,Neth. Antilles,,,,,,,,100,,,100
,Netherlands,5/26/2025,STABLE,12/7/2020,STABLE,11/20/2015,Aaa,1/10/1986,1,AAA,11/20/2015,1
,New Zealand,4/16/2024,STABLE,5/13/1999,STABLE,2/21/2021,Aaa,10/20/2002,1,AA+,2/21/2021,2
,Nicaragua,10/23/2024,STABLE,3/15/2024,STABLE,10/23/2024,B2,3/15/2024,15,B+,10/23/2024,14
,Nigeria,5/30/2025,STABLE,5/30/2025,STABLE,8/4/2023,B3,5/30/2025,16,B-,3/26/2020,16
,Norway,9/19/2025,STABLE,5/13/1999,STABLE,12/28/2023,Aaa,9/30/1997,1,AAA,12/28/2023,1
,Oman,7/10/2025,STABLE,7/10/2025,STABLE,9/27/2024,Baa3,7/10/2025,10,BBB-,9/27/2024,10
,Pakistan,8/13/2025,STABLE,8/13/2025,STABLE,7/24/2025,Caa1,8/13/2025,17,B-,7/24/2025,16
,Panama,11/29/2024,NEG,11/29/2024,STABLE,11/26/2024,Baa3,10/31/2023,10,BBB-,11/26/2024,10
,Papua New Guinea,7/15/2024,STABLE,11/10/2022,STABLE,5/24/2022,B2,4/25/2016,15,B-,6/3/2021,16
,Paraguay,10/6/2025,STABLE,7/26/2024,POS,1/8/2025,Baa3,7/26/2024,10,BB+,2/1/2024,11
,Peru,9/4/2025,STABLE,9/20/2024,STABLE,4/25/2024,Baa1,9/1/2021,8,BBB-,4/25/2024,10
,Philippines,8/20/2025,STABLE,8/23/2024,POS,11/25/2024,Baa2,12/11/2014,9,BBB+,4/30/2019,8
,Poland,9/19/2025,NEG,9/19/2025,STABLE,10/12/2018,A2,11/12/2002,6,A-,10/12/2018,7
,Portugal,9/12/2025,STABLE,11/17/2023,STABLE,8/29/2025,A3,11/17/2023,7,A+,8/29/2025,5
,Qatar,3/20/2024,STABLE,1/25/2024,STABLE,11/4/2022,Aa2,1/25/2024,3,AA,11/4/2022,3
,Romania,9/12/2025,NEG,3/14/2025,NEG,1/24/2025,Baa3,10/6/2006,10,BBB-,5/16/2014,10
,Russia,4/14/2022,,,,,WR,3/31/2022,30,NR,4/8/2022,31
,Rwanda,9/19/2025,STABLE,9/19/2025,STABLE,1/27/2023,B2,8/12/2016,15,B+,8/9/2019,14
,San Marino,8/1/2025,,,STABLE,8/1/2025,,,100,BBB+,8/1/2025,8
,Saudi Arabia,3/14/2025,STABLE,11/22/2024,STABLE,3/14/2025,Aa3,11/22/2024,4,A+,3/14/2025,5
,Senegal,10/10/2025,NEG,10/10/2025,NEG,7/14/2025,Caa1,10/10/2025,17,B-,7/14/2025,16
,Serbia,10/4/2024,POS,8/30/2024,STABLE,10/4/2024,Ba2,3/12/2021,12,BBB-,10/4/2024,10
,Seychelles,9/5/2025,,,,,,,100,NR,8/17/2009,31
,Sierra Leone,,,,,,,,100,,,100
,Singapore,3/21/2025,STABLE,2/22/2010,STABLE,5/2/2008,Aaa,6/14/2002,1,AAA,2/25/2011,1
,Slovakia,10/27/2025,STABLE,12/13/2024,NEG,4/25/2025,A3,12/13/2024,7,A+,7/31/2015,5
,Slovenia,10/3/2025,POS,10/11/2024,STABLE,6/6/2025,A3,10/2/2020,7,AA,6/6/2025,3
,South Africa,12/3/2024,STABLE,4/1/2022,POS,11/15/2024,Ba2,11/20/2020,12,BB-,4/29/2020,13
,South Korea,10/2/2025,STABLE,12/18/2015,STABLE,8/7/2016,Aa2,12/18/2015,3,AA,8/7/2016,3
,Spain,10/6/2025,STABLE,9/26/2025,STABLE,9/12/2025,A3,9/26/2025,7,A+,9/12/2025,5
,Sri Lanka,9/19/2025,STABLE,12/23/2024,STABLE,9/19/2025,Caa1,12/23/2024,17,CCC+,9/19/2025,17
,St Kitts & Nevis,,,,,,,,100,,,100
,St Vincent & the Grenadines,12/7/2020,STABLE,5/19/2016,,,B3,11/21/2014,16,,,100
,Suriname,10/23/2025,POS,10/23/2025,STABLE,12/6/2023,Caa1,10/22/2024,17,CCC+,12/6/2023,17
,Swaziland,11/25/2024,STABLE,11/25/2024,,,B2,11/25/2024,15,,,100
,Sweden,1/27/2025,STABLE,11/15/2003,STABLE,1/23/2014,Aaa,4/4/2002,1,AAA,1/23/2014,1
,Switzerland,10/24/2025,STABLE,11/15/2003,STABLE,12/1/2003,Aaa,1/29/1982,1,AAA,2/17/2011,1
,Taiwan,11/1/2024,STABLE,9/22/2022,STABLE,4/29/2022,Aa3,3/24/1994,4,AA+,4/29/2022,2
,Tanzania,3/22/2024,STABLE,3/22/2024,,,B1,3/22/2024,14,,,100
,Thailand,9/24/2025,NEG,4/29/2025,STABLE,4/13/2020,Baa1,11/26/2003,8,BBB+,10/31/2006,8
,Togo,4/18/2025,STABLE,9/27/2024,STABLE,4/18/2025,B3,6/5/2019,16,B+,4/18/2025,14
,Trinidad and Tobago,9/25/2025,STABLE,6/14/2024,NEG,9/25/2025,Ba2,11/19/2021,12,BBB-,3/26/2020,10
,Tunisia,9/12/2025,STABLE,2/28/2025,,,Caa1,2/28/2025,17,NR,12/18/2013,31
,Turkey,9/1/2025,STABLE,7/25/2025,STABLE,11/1/2024,Ba3,7/25/2025,13,BB-,11/1/2024,13
,Turkmenistan,8/2/2024,,,,,WR,9/9/2010,30,,,100
,Uganda,8/30/2024,STABLE,5/17/2024,STABLE,10/6/2023,B3,5/17/2024,16,B-,10/6/2023,16
,Ukraine,5/30/2025,STABLE,2/10/2023,,,Ca,2/10/2023,20,SD,8/2/2024,99
,United Arab Emirates,6/17/2025,STABLE,5/26/2017,STABLE,6/17/2025,Aa2,5/14/2016,3,AA,6/17/2025,3
,United Kingdom,10/22/2025,STABLE,10/20/2023,STABLE,4/21/2023,Aa3,10/16/2020,4,AA,6/27/2016,3
,United States,8/26/2025,STABLE,5/16/2025,STABLE,6/10/2013,Aa1,5/16/2025,2,AA+,8/5/2011,2
,Uruguay,1/16/2025,STABLE,3/15/2024,STABLE,4/26/2023,Baa1,3/15/2024,8,BBB+,4/26/2023,8
,Venezuela,9/21/2022,STABLE,3/9/2018,,,WR,8/14/2019,30,NR,9/20/2021,31
,Vietnam,6/12/2025,STABLE,9/6/2022,STABLE,5/26/2022,Ba2,9/6/2022,12,BB+,5/26/2022,11
,Zambia,4/11/2025,POS,4/11/2025,,,Caa2,6/14/2024,18,SD,10/21/2020,99
,Zimbabwe,,,,,,,,100,,,100
,Cote d'Ivoire,10/18/2024,STABLE,3/1/2024,STABLE,10/18/2024,Ba2,3/1/2024,12,BB,10/18/2024,12